Neighborhood,Price,Bedrooms,Bathrooms,House Size,Description,Neighborhood Description
Valley View,"$1,470,528",5,2,"3,312 sqft","Welcome to this stunning 5-bedroom, 2-bathroom home located in the highly desirable neighborhood of [insert name]. Priced at $1,470,528, this exquisite property offers the perfect blend of luxury and comfort. With a spacious interior spanning over 3,312 square meters, there's plenty of room for you and your family to make lifelong memories.

As you enter, you'll be immediately greeted by the grandeur of the open floor plan and high ceilings. The gourmet kitchen is a chef's dream, featuring top-of-the-line appliances, sleek countertops, and ample storage space. The adjoining living room is the perfect place to relax and unwind, with its cozy fireplace and large windows that bathe the room in natural light","Experience the best of both worlds in the charming and vibrant neighborhood of Valley View. Nestled in the heart of the city, this sought-after community offers a lush and scenic landscape, while being just minutes away from bustling downtown. Imagine waking up to breathtaking views of the nearby mountains, or spending picturesque afternoons strolling through the winding streets lined with beautiful homes and well-maintained gardens.

Valley View boasts a diverse population of friendly and welcoming residents, creating a strong sense of community and belonging. With a range of housing options, from spacious single-family homes to modern condominiums, this neighborhood offers something for every lifestyle and budget.

Enjoy the convenience of a variety of amenities, including top-rated schools, trendy restaurants, and boutique shops,"
Sunset Hills,"$542,640",5,2,"1,785 sqft","Introducing a stunning 5 bedroom, 2 bathroom home located in the desirable residential area of Oakwood. This spacious property boasts a generous 1,785 square meters of living space, providing plenty of room for a growing family. With a price of just 542640, this home offers incredible value for its size and location. The modern and stylish design of this home will surely impress, with its open-concept layout perfect for entertaining guests. The bedrooms are all well-appointed and the bathrooms have been recently updated with high-end finishes. Enjoy the convenience of a attached garage, perfect for storing your vehicles and outdoor equipment. The backyard is a private oasis, ideal for spending summer evenings with loved ones. Don't miss out on the opportunity to","Welcome to Sunset Hills, a picturesque and sought-after neighborhood nestled in the beautiful countryside of (City/State).

As you drive through the winding roads of Sunset Hills, you will be greeted by a peaceful and serene atmosphere. Lush greenery, sprawling lawns, and mature trees line the streets, creating a sense of tranquility.

Homes in Sunset Hills are known for their elegant and timeless designs, ranging from charming bungalows to expansive estates. Many properties offer stunning views of the surrounding hills and valleys, providing a perfect backdrop for outdoor living and entertaining.

Residents of Sunset Hills enjoy a strong sense of community, with regular neighborhood events and gatherings. The neighborhood is also home to highly-rated schools, making it a great choice for families."
Green Oaks,"$1,107,288",3,2,"2,028 sqft","Welcome to your dream home at an unbeatable price of $1,107,288! This stunning property boasts 3 spacious bedrooms and 2 modern bathrooms, providing ample space and comfort for you and your loved ones. With a generous size of 2,028 square meters, you'll have plenty of room to relax and entertain. The charming exterior of this home is complemented by an equally beautiful interior, featuring high-end finishes and stylish details. The open layout creates a seamless flow throughout the home, making it perfect for hosting gatherings or simply enjoying everyday living. Don't miss the opportunity to make this your forever home. Schedule a showing today and see for yourself the endless possibilities this property has to offer!","Green Oaks is a charming and picturesque neighborhood located on the outskirts of the bustling city of Seattle. Surrounded by lush and verdant trees, this community offers a tranquil and peaceful setting, perfect for those looking to escape the hustle and bustle of city life. The homes in Green Oaks boast stunning architecture, with spacious and well-manicured lawns that add to the overall beauty of the neighborhood. Residents of Green Oaks have access to top-rated schools, making it a desirable location for families with young children. The community also features a variety of amenities, including parks, playgrounds, and walking trails, providing endless opportunities for outdoor recreation and relaxation. Additionally, Green Oaks is conveniently located near shopping centers, restaurants, and entertainment options, making it"
Sunset Hills,"$247,365",4,1,"1,195 sqft","Welcome to your dream home at the affordable price of $247,365. This beautiful property boasts 4 spacious bedrooms, providing more than enough space for your entire family. The grandeur continues with a beautifully designed bathroom, perfect for unwinding after a long day. Spread out and make yourself at home within the impressive 1,195 square meters of living space, offering endless possibilities for both relaxation and entertainment. Don't miss your chance to make this stunning property yours and experience the ultimate in comfort and luxury.","Welcome to Sunset Hills, a charming and highly desirable neighborhood located in the heart of a bustling city. Situated on a picturesque hillside, Sunset Hills offers residents breathtaking views of the surrounding landscape. This neighborhood is known for its quiet and peaceful atmosphere, making it the perfect escape from the hustle and bustle of city life.

Sunset Hills boasts tree-lined streets, well-maintained sidewalks, and beautifully manicured lawns, creating a warm and inviting ambiance. The community is filled with a variety of homes, ranging from cozy bungalows to spacious estates, offering something for every type of homeowner.

Residents of Sunset Hills enjoy easy access to a multitude of amenities, including top-rated schools, shopping centers, and recreational facilities. The neighborhood is"
Green Oaks,"$342,432",2,1,928 sqft,"""Welcome to your dream home! This stunning property features 2 spacious bedrooms and 1 luxurious bathroom, perfect for any small family or couple looking for a cozy space to call their own. With a generous size of 928 square meters, there is plenty of room for you to make this house your own. Enjoy the serenity of the surrounding neighborhood while relaxing in your private backyard. And with a competitive price of only $342,432, this home offers incredible value for both first-time homebuyers and seasoned investors. Don't miss out on this opportunity to own a beautiful piece of real estate. Schedule a showing today!""","Welcome to Green Oaks, a charming neighborhood known for its lush greenery and peaceful atmosphere. Nestled among towering oak trees, this neighborhood is a true natural oasis in the midst of the bustling city.

Green Oaks offers a variety of housing options, from cozy single-family homes to spacious townhouses, making it a perfect fit for families, young professionals, and retirees alike. The homes in this neighborhood are meticulously maintained, exuding a sense of pride and community among its residents.

Residents of Green Oaks enjoy a wide array of outdoor activities, from hiking and biking to picnicking in the neighborhood's many parks. The community also boasts excellent schools, making it a highly desirable location for families with children.

In addition to its natural beauty, Green Oaks"
Maple Ridge,"$476,288",2,2,"1,952 sqft","Welcome to this stunning 2 bedroom, 2 bathroom property located in the heart of the city, with a spacious size of 1,952 square meters. The beautiful interior boasts modern finishes and abundant natural light, creating a warm and inviting atmosphere. The open concept kitchen and living area is perfect for entertaining guests. The bedrooms are generously sized, providing plenty of space for relaxation. Surrounded by lush greenery, this home offers a peaceful and private oasis for you to unwind after a busy day. Don't miss the opportunity to make this dream property yours at an incredible price of $476,288. Schedule a viewing today and experience the ultimate in luxurious city living.","Welcome to Maple Ridge, a charming and sought-after neighborhood located in the heart of the city. With beautiful tree-lined streets, well-maintained homes, and a strong sense of community, Maple Ridge offers a tranquil and peaceful setting for residents to call home.

The homes in Maple Ridge reflect a diverse range of architectural styles, from traditional colonial to modern craftsman, adding to the overall character of the neighborhood. Many of the properties also feature spacious yards, perfect for outdoor activities and gatherings with friends and family.

One of the highlights of living in Maple Ridge is its proximity to top-rated schools, making it an ideal choice for families with children. Residents also have easy access to a variety of shopping, dining, and entertainment options, as well as"
Valley View,"$416,614",3,3,"1,306 sqft","This beautiful property offers the perfect blend of luxury, comfort, and affordability with a price of $416,614. Boasting 3 spacious bedrooms and 3 pristine bathrooms, this home offers ample space for your family to thrive. Spanning over 1,306 square meters, this estate provides plenty of room for relaxation and entertainment. With its stunning design and ample space, this property is sure to impress even the most discerning buyer. Don't miss out on the opportunity to own this dream home.","Welcome to Valley View, a charming and picturesque neighborhood nestled in the heart of the city. As you drive through the tree-lined streets, you'll be greeted by a peaceful atmosphere and stunning views of the valley below. With a diverse mix of homes ranging from cozy cottages to spacious estates, Valley View offers options for every lifestyle.

The community of Valley View is known for its strong sense of community and friendly atmosphere. Residents often gather for block parties, neighborhood barbecues, and holiday celebrations, creating a warm and welcoming environment for all. Children can be seen playing in the well-maintained parks and green spaces, while adults enjoy leisurely walks or evening strolls through the quiet streets.

Convenience is also a major perk of living in"
Green Oaks,"$1,583,110",4,2,"2,987 sqft","Welcome to your dream home! This stunning property is priced at 1583110 and boasts 4 spacious bedrooms and 2 modern bathrooms, perfect for any growing family. With a generous size of 2,987 square meters, this home offers plenty of room for all your needs. The open concept design allows for ample natural light throughout the home, creating a warm and inviting atmosphere. The gourmet kitchen features high-end appliances, granite countertops, and plenty of storage space. The master bedroom is a true retreat, complete with a luxurious en-suite bathroom and walk-in closet. Step outside and enjoy the beautiful landscaped yard and serene patio, perfect for outdoor entertaining. Conveniently located near schools, shopping, and dining options, this home truly has it","Welcome to Green Oaks, a highly sought-after neighborhood nestled within the charming town of Oaksville. This idyllic community boasts tree-lined streets, manicured lawns, and an overall sense of tranquility.

Green Oaks offers an array of stunning homes, from cozy bungalows to spacious estates, making it the perfect place for families of all sizes. Each property is beautifully maintained and exudes a timeless elegance.

One of the highlights of living in Green Oaks is its close-knit community. Residents often gather for neighborhood events, creating a warm and welcoming atmosphere within the neighborhood. There are also several parks and green spaces throughout, providing ample opportunities for outdoor activities and leisurely strolls.

For those seeking a convenient and vibrant lifestyle, Green Oaks"
Valley View,"$850,927",4,4,"1,799 sqft","Welcome to your luxurious dream home in the highly desired neighborhood of XYZ. Priced at only $850,927, this stunning property boasts 4 spacious bedrooms and 4 modern bathrooms, providing ample space and comfort for your family. Spanning over 1,799 square meters, this exquisite home offers a perfect blend of elegance and functionality. The open floor plan and high ceilings allow for an abundance of natural light to flow through, highlighting the sleek design and high-end finishes. The gourmet kitchen is a chef's dream with top-of-the-line appliances, custom cabinets, and a large island for entertaining. Step outside to your private oasis where you can relax and unwind in the beautifully landscaped backyard, perfect for outdoor gatherings. Unwind in the","Welcome to the charming neighborhood of Valley View! Located in the heart of the bustling city, Valley View offers a peaceful and picturesque setting for residents to call home. This neighborhood is known for its scenic landscapes, well-maintained streets, and close-knit community.

With a variety of housing options, including spacious single-family homes, cozy townhomes, and modern condominiums, Valley View has something for everyone. Each home is thoughtfully designed and offers plenty of space for both relaxation and entertainment.

Valley View is also known for its convenient location, with easy access to major highways and public transportation. This makes commuting to work or exploring the city a breeze. In addition, the neighborhood is within close proximity to several shopping centers, restaurants, and"
Green Oaks,"$1,448,672",5,1,"2,663 sqft","Welcome to this stunning real estate property located in a prime location! This impressive home is priced at just $1,448,672 and offers an incredible opportunity for those seeking luxury and space. Boasting a total of 5 spacious bedrooms and 1 full bathroom, this residence is perfect for families looking for room to grow. With a size of over 2,663 square meters, this expansive property offers endless possibilities for customization and making it your dream home. Enjoy the breathtaking views and endless possibilities for outdoor activities with the ample space provided. Come see this beautiful estate for yourself and make it yours today!","Welcome to Green Oaks, a picturesque neighborhood nestled in the heart of the city. Known for its lush greenery and peaceful surroundings, Green Oaks offers a perfect balance of suburban charm and modern amenities.

As you enter the neighborhood, you will be greeted by tree-lined streets and beautifully manicured lawns. The homes here are a mix of quaint cottages and stately houses, each with its own unique charm and character. With a variety of architectural styles, Green Oaks is a true feast for the eyes.

Whether you enjoy spending time outdoors or prefer indoor activities, Green Oaks has something for everyone. The neighborhood boasts several parks, playgrounds, and walking trails, perfect for a leisurely stroll or a fun day out with the family. For those"
